{
     "accuracy": 0.9286719849835758,
     "precision": 0.5,
     "recall": 0.04824561403508772,
     "f1": 0.088,
     "roc_auc": 0.7712318895183048
}